{
    "variants": {
        "normal": [
            { "model": "coal_ore" },
            { "model": "coal_ore", "x": 90 },
            { "model": "coal_ore", "x": 180 },
            { "model": "coal_ore", "x": 270 },
            { "model": "coal_ore", "y": 90 },
            { "model": "coal_ore", "y": 90, "x": 90 },
            { "model": "coal_ore", "y": 90, "x": 180 },
            { "model": "coal_ore", "y": 90, "x": 270 },
            { "model": "coal_ore", "y": 180 },
            { "model": "coal_ore", "y": 180, "x": 90 },
            { "model": "coal_ore", "y": 180, "x": 180 },
            { "model": "coal_ore", "y": 180, "x": 270 },
            { "model": "coal_ore", "y": 270 },
            { "model": "coal_ore", "y": 270, "x": 90 },
            { "model": "coal_ore", "y": 270, "x": 180 },
            { "model": "coal_ore", "y": 270, "x": 270 }
        ]
    }
}
