{
	"credit": "Made with Blockbench",
	"textures": {
		"0": "blocks/diamond_3d",
		"1": "blocks/stone",
		"particle": "blocks/diamond_3d"
	},
	"elements": [
		{
			"from": [0, 0, 0],
			"to": [16, 16, 16],
			"faces": {
				"north": {"uv": [0, 0, 16, 16], "texture": "#1"},
				"east": {"uv": [0, 0, 16, 16], "texture": "#1"},
				"south": {"uv": [0, 0, 16, 16], "texture": "#1"},
				"west": {"uv": [0, 0, 16, 16], "texture": "#1"},
				"up": {"uv": [0, 0, 16, 16], "texture": "#1"},
				"down": {"uv": [0, 0, 16, 16], "texture": "#1"}
			}
		},
		{
			"from": [-5, 2, 2],
			"to": [3, 8, 8],
			"rotation": {"angle": -45, "axis": "z", "origin": [2, 4, 3]},
			"faces": {
				"north": {"uv": [0, 0, 6, 8], "rotation": 90, "texture": "#0"},
				"east": {"uv": [0, 0, 6, 6], "rotation": 270, "texture": "#0"},
				"south": {"uv": [0, 0, 6, 8], "rotation": 270, "texture": "#0"},
				"west": {"uv": [0, 0, 6, 6], "rotation": 90, "texture": "#0"},
				"up": {"uv": [0, 0, 6, 8], "rotation": 270, "texture": "#0"},
				"down": {"uv": [0, 0, 6, 8], "rotation": 270, "texture": "#0"}
			}
		},
		{
			"from": [-2, 8, 9],
			"to": [4, 16, 15],
			"rotation": {"angle": 22.5, "axis": "x", "origin": [2, 4, 3]},
			"faces": {
				"north": {"uv": [0, 0, 6, 8], "texture": "#0"},
				"east": {"uv": [0, 0, 6, 8], "rotation": 180, "texture": "#0"},
				"south": {"uv": [0, 0, 6, 8], "texture": "#0"},
				"west": {"uv": [0, 0, 6, 8], "rotation": 180, "texture": "#0"},
				"up": {"uv": [0, 0, 6, 6], "rotation": 180, "texture": "#0"},
				"down": {"uv": [0, 0, 6, 6], "rotation": 180, "texture": "#0"}
			}
		},
		{
			"from": [5, 9, 2],
			"to": [11, 17, 8],
			"rotation": {"angle": -22.5, "axis": "x", "origin": [2, 4, 3]},
			"faces": {
				"north": {"uv": [0, 0, 6, 8], "texture": "#0"},
				"east": {"uv": [0, 0, 6, 8], "rotation": 180, "texture": "#0"},
				"south": {"uv": [0, 0, 6, 8], "texture": "#0"},
				"west": {"uv": [0, 0, 6, 8], "rotation": 180, "texture": "#0"},
				"up": {"uv": [0, 0, 6, 6], "rotation": 180, "texture": "#0"},
				"down": {"uv": [0, 0, 6, 6], "rotation": 180, "texture": "#0"}
			}
		},
		{
			"from": [6, 3, 15],
			"to": [12, 13, 21],
			"rotation": {"angle": 22.5, "axis": "y", "origin": [2, 4, 3]},
			"faces": {
				"north": {"uv": [0, 0, 6, 10], "texture": "#0"},
				"east": {"uv": [0, 0, 6, 10], "rotation": 180, "texture": "#0"},
				"south": {"uv": [0, 0, 6, 10], "texture": "#0"},
				"west": {"uv": [0, 0, 6, 10], "rotation": 180, "texture": "#0"},
				"up": {"uv": [0, 0, 6, 6], "rotation": 180, "texture": "#0"},
				"down": {"uv": [0, 0, 6, 6], "rotation": 180, "texture": "#0"}
			}
		},
		{
			"from": [11, 1, 5],
			"to": [17, 6, 9],
			"rotation": {"angle": 22.5, "axis": "y", "origin": [2, 4, 3]},
			"faces": {
				"north": {"uv": [0, 0, 6, 5], "texture": "#0"},
				"east": {"uv": [0, 0, 4, 5], "rotation": 180, "texture": "#0"},
				"south": {"uv": [0, 0, 6, 5], "texture": "#0"},
				"west": {"uv": [0, 0, 4, 5], "rotation": 180, "texture": "#0"},
				"up": {"uv": [0, 0, 6, 4], "rotation": 180, "texture": "#0"},
				"down": {"uv": [0, 0, 6, 4], "rotation": 180, "texture": "#0"}
			}
		},
		{
			"from": [1, -3, 6],
			"to": [7, 3, 12],
			"rotation": {"angle": -22.5, "axis": "x", "origin": [7, -1, 9]},
			"faces": {
				"north": {"uv": [0, 0, 6, 6], "texture": "#0"},
				"east": {"uv": [0, 0, 6, 6], "texture": "#0"},
				"south": {"uv": [0, 0, 6, 6], "texture": "#0"},
				"west": {"uv": [0, 0, 6, 6], "texture": "#0"},
				"up": {"uv": [0, 0, 6, 6], "texture": "#0"},
				"down": {"uv": [0, 0, 6, 6], "texture": "#0"}
			}
		},
		{
			"from": [12, 10, 9],
			"to": [17, 17, 15],
			"rotation": {"angle": 22.5, "axis": "z", "origin": [1.5, -1, 1.5]},
			"faces": {
				"north": {"uv": [0, 0, 5, 7], "texture": "#0"},
				"east": {"uv": [0, 0, 6, 7], "texture": "#0"},
				"south": {"uv": [0, 0, 5, 7], "texture": "#0"},
				"west": {"uv": [0, 0, 6, 7], "texture": "#0"},
				"up": {"uv": [0, 0, 5, 6], "texture": "#0"},
				"down": {"uv": [0, 0, 5, 6], "texture": "#0"}
			}
		}
	]
}