{
	"credit": "Made with Blockbench",
	"textures": {
		"0": "blocks/stone",
		"1": "blocks/redstone_3d",
		"particle": "blocks/redstone_3d"
	},
	"elements": [
		{
			"from": [0, 0, 0],
			"to": [16, 16, 16],
			"faces": {
				"north": {"uv": [0, 0, 16, 16], "texture": "#0"},
				"east": {"uv": [0, 0, 16, 16], "texture": "#0"},
				"south": {"uv": [0, 0, 16, 16], "texture": "#0"},
				"west": {"uv": [0, 0, 16, 16], "texture": "#0"},
				"up": {"uv": [0, 0, 16, 16], "texture": "#0"},
				"down": {"uv": [0, 0, 16, 16], "texture": "#0"}
			}
		},
		{
			"from": [12, 3, -3],
			"to": [17, 9, 4],
			"rotation": {"angle": 45, "axis": "x", "origin": [15.5, 3, 0.5]},
			"faces": {
				"north": {"uv": [0, 0, 5, 6], "texture": "#1"},
				"east": {"uv": [0, 0, 7, 6], "texture": "#1"},
				"south": {"uv": [0, 0, 5, 6], "texture": "#1"},
				"west": {"uv": [0, 0, 7, 6], "texture": "#1"},
				"up": {"uv": [0, 0, 5, 7], "texture": "#1"},
				"down": {"uv": [0, 0, 5, 7], "texture": "#1"}
			}
		},
		{
			"from": [6, 1.5, 14.5],
			"to": [11, 8.5, 20.5],
			"rotation": {"angle": -22.5, "axis": "x", "origin": [15.5, 3, 0.5]},
			"faces": {
				"north": {"uv": [0, 0, 5, 7], "rotation": 180, "texture": "#1"},
				"east": {"uv": [0, 0, 7, 6], "rotation": 270, "texture": "#1"},
				"south": {"uv": [0, 0, 5, 7], "texture": "#1"},
				"west": {"uv": [0, 0, 7, 6], "rotation": 90, "texture": "#1"},
				"up": {"uv": [0, 0, 5, 6], "rotation": 180, "texture": "#1"},
				"down": {"uv": [0, 0, 5, 6], "texture": "#1"}
			}
		},
		{
			"from": [-2, 1.5, 2.5],
			"to": [3, 8.5, 8.5],
			"rotation": {"angle": -22.5, "axis": "x", "origin": [15.5, 3, 0.5]},
			"faces": {
				"north": {"uv": [0, 0, 5, 7], "rotation": 180, "texture": "#1"},
				"east": {"uv": [0, 0, 7, 6], "rotation": 270, "texture": "#1"},
				"south": {"uv": [0, 0, 5, 7], "texture": "#1"},
				"west": {"uv": [0, 0, 7, 6], "rotation": 90, "texture": "#1"},
				"up": {"uv": [0, 0, 5, 6], "rotation": 180, "texture": "#1"},
				"down": {"uv": [0, 0, 5, 6], "texture": "#1"}
			}
		},
		{
			"from": [3, 13.5, 2.5],
			"to": [10, 20.5, 8.5],
			"rotation": {"angle": 22.5, "axis": "x", "origin": [15.5, 3, 0.5]},
			"faces": {
				"north": {"uv": [0, 0, 7, 7], "rotation": 180, "texture": "#1"},
				"east": {"uv": [0, 0, 7, 6], "rotation": 270, "texture": "#1"},
				"south": {"uv": [0, 0, 7, 7], "texture": "#1"},
				"west": {"uv": [0, 0, 7, 6], "rotation": 90, "texture": "#1"},
				"up": {"uv": [0, 0, 7, 6], "rotation": 180, "texture": "#1"},
				"down": {"uv": [0, 0, 7, 6], "texture": "#1"}
			}
		},
		{
			"from": [3, 7.5, 1.5],
			"to": [10, 16.5, 8.5],
			"rotation": {"angle": -22.5, "axis": "x", "origin": [15.5, 3, 0.5]},
			"faces": {
				"north": {"uv": [0, 0, 7, 9], "rotation": 180, "texture": "#1"},
				"east": {"uv": [0, 0, 9, 7], "rotation": 270, "texture": "#1"},
				"south": {"uv": [0, 0, 7, 9], "texture": "#1"},
				"west": {"uv": [0, 0, 9, 7], "rotation": 90, "texture": "#1"},
				"up": {"uv": [0, 0, 7, 7], "rotation": 180, "texture": "#1"},
				"down": {"uv": [0, 0, 7, 7], "texture": "#1"}
			}
		},
		{
			"from": [7, 4.5, 9.5],
			"to": [13, 13.5, 16.5],
			"rotation": {"angle": 22.5, "axis": "y", "origin": [15.5, 3, 0.5]},
			"faces": {
				"north": {"uv": [0, 0, 6, 9], "rotation": 180, "texture": "#1"},
				"east": {"uv": [0, 0, 9, 7], "rotation": 270, "texture": "#1"},
				"south": {"uv": [0, 0, 6, 9], "texture": "#1"},
				"west": {"uv": [0, 0, 9, 7], "rotation": 90, "texture": "#1"},
				"up": {"uv": [0, 0, 6, 7], "rotation": 180, "texture": "#1"},
				"down": {"uv": [0, 0, 6, 7], "texture": "#1"}
			}
		},
		{
			"from": [0, 11.5, 9.5],
			"to": [6, 17.5, 16.5],
			"rotation": {"angle": 22.5, "axis": "z", "origin": [15.5, 3, 0.5]},
			"faces": {
				"north": {"uv": [0, 0, 6, 6], "rotation": 180, "texture": "#1"},
				"east": {"uv": [0, 0, 6, 7], "rotation": 270, "texture": "#1"},
				"south": {"uv": [0, 0, 6, 6], "texture": "#1"},
				"west": {"uv": [0, 0, 6, 7], "rotation": 90, "texture": "#1"},
				"up": {"uv": [0, 0, 6, 7], "rotation": 180, "texture": "#1"},
				"down": {"uv": [0, 0, 6, 7], "texture": "#1"}
			}
		},
		{
			"from": [1, 0.5, 6.5],
			"to": [7, 6.5, 13.5],
			"rotation": {"angle": 22.5, "axis": "z", "origin": [15.5, 3, 0.5]},
			"faces": {
				"north": {"uv": [0, 0, 6, 6], "rotation": 180, "texture": "#1"},
				"east": {"uv": [0, 0, 6, 7], "rotation": 270, "texture": "#1"},
				"south": {"uv": [0, 0, 6, 6], "texture": "#1"},
				"west": {"uv": [0, 0, 6, 7], "rotation": 90, "texture": "#1"},
				"up": {"uv": [0, 0, 6, 7], "rotation": 180, "texture": "#1"},
				"down": {"uv": [0, 0, 6, 7], "texture": "#1"}
			}
		},
		{
			"from": [10, -6.5, -1.5],
			"to": [16, 0.5, 4.5],
			"rotation": {"angle": -22.5, "axis": "z", "origin": [15.5, 3, 0.5]},
			"faces": {
				"north": {"uv": [0, 0, 6, 7], "rotation": 180, "texture": "#1"},
				"east": {"uv": [0, 0, 7, 6], "rotation": 270, "texture": "#1"},
				"south": {"uv": [0, 0, 6, 7], "texture": "#1"},
				"west": {"uv": [0, 0, 7, 6], "rotation": 90, "texture": "#1"},
				"up": {"uv": [0, 0, 6, 6], "rotation": 180, "texture": "#1"},
				"down": {"uv": [0, 0, 6, 6], "texture": "#1"}
			}
		}
	]
}